{"fwdgps": [], "7s8ksa": ["2601776"], "974rty": [], "fi05qz": ["815028", "649589"], "ahr2l8": [], "br02ns": [], "c1e23r": [], "hcfdhm": [], "hzqod6": [], "99u97o": ["925083"], "foawoe": ["143142"], "hsw36e": ["13404762"], "coma7o": [], "eh30dr": [], "fr2has": ["2205424"], "cnfdq0": [], "b2ihbz": [], "8dochw": [], "5paqkg": ["3127689"], "do4hcz": [], "8cxg13": [], "ggvfxx": [], "hnkwjf": [], "isnjd0": [], "g4c0l3": ["56767239", "27443"], "drpiyq": [], "74liin": [], "eq4pf8": ["164744"], "bp5e1v": [], "hvzf5a": ["412260"], "a35imz": [], "iijskk": [], "eolyvd": [], "9mgfsc": [], "faz57o": [], "ecj8ki": ["1527515"], "fj98uz": [], "a77z42": [], "hg1u1i": [], "ipidwe": [], "k6i16n": [], "dku3v8": [], "5vl1pd": ["1628222"], "e5i8or": ["42794689"], "eah6bw": ["1159097", "1400283"], "9670tt": [], "9lksi5": [], "fzmmmj": [], "fx92fa": [], "fzzj32": [], "fesfkz": [], "9nyguh": ["467232"], "cbdc2n": [], "j70s6v": [], "fn25h8": [], "grwmcv": [], "74zaey": [], "g1vuih": [], "khcs1h": [], "bsbijo": [], "91iwm1": [], "buk7p5": [], "9kjzpr": [], "fot00m": [], "7id219": ["45316435"], "fn608k": [], "eu714u": ["553563", "11240905"], "82p5jf": ["1099646", "1192640"], "abbdtx": [], "fw3ync": [], "8oxaue": [], "gni0xi": [], "bn7fuu": ["2331807"], "ba1390": ["7681331"], "ft9nd0": [], "9n40ew": ["865461", "2192751"], "c6ejsk": [], "jttmev": ["6024187"], "b4shd7": [], "7wytnw": [], "a3bofp": ["7399114"], "c1bifb": [], "a2wpue": [], "9ddow9": [], "axu61o": [], "d35syh": [], "ghrvxj": [], "gsyn2t": [], "ao82hl": ["42299347", "751325"], "jdp599": ["57520253"], "c6b5wf": [], "fzqczq": [], "b7928x": [], "gse88h": ["2510488"], "edvycn": [], "cvyq2h": [], "8vyeh3": [], "d8v87g": ["3059160", "234218"], "i3v755": [], "djx3fp": [], "gwc3ue": [], "gw53wy": [], "dfzudi": [], "fzxahx": [], "jxl1s5": [], "cl7x9r": ["716782"], "7wf8cg": [], "6pss8v": [], "7w1hde": [], "7pe98v": [], "hjiirc": [], "aa98pc": [], "a74g0m": [], "dlmxld": ["1578956"], "ew6ysz": [], "hdmnra": ["1001265"], "6w1klh": ["1058027", "1499998", "1639903", "750423"], "k0tad7": [], "g846fo": [], "dyh7hq": [], "gtrl8b": [], "jnmq95": [], "97y2c3": ["2212185"], "b2p4mq": [], "k2qpp7": [], "c28ds1": ["17128269"], "ekml9g": [], "bo7ihh": ["26330735"], "fbq6z7": ["1621990"], "d04f5s": [], "f2ve2m": [], "iappup": [], "clshv2": [], "fa6byw": [], "8doowc": [], "gbzstk": [], "gnvuzs": [], "9a1gsi": ["1782584"], "a0r032": [], "c5v71v": [], "6jkxz6": [], "8lbe8s": [], "99tomw": [], "i1sfvf": [], "auu14t": [], "bpnt8o": [], "chv4fa": [], "hu1aw4": [], "kav4v4": [], "69x3du": [], "fc4g7a": [], "7otnhf": [], "b5n36k": [], "epuotr": [], "clylmd": [], "fziwlz": [], "7j0ezz": [], "ggjj72": ["10263688"], "g8u3d9": [], "fl26wn": [], "gim7mt": [], "inei22": [], "judhb3": [], "9e98t2": [], "d5kaba": ["2702525"], "ceiaed": [], "8ad5pf": [], "buhci5": ["16065182"], "alyebf": [], "fqycp0": [], "dfz214": ["1083086"], "dduu88": [], "iducc4": [], "gchqzt": [], "h0ogs8": [], "9blrv6": [], "dft0x8": [], "g26nq6": ["1441544"], "c526c8": [], "a6zaml": [], "k94s8s": [], "ai5okf": [], "8ljidt": [], "jfpk8t": [], "i1nkau": ["6559647"], "enucae": [], "8ysevk": [], "dymkwr": [], "f67lz6": ["17375094", "1310851"], "a9lknh": [], "dptqfb": [], "d1qxf4": [], "d60skm": [], "feqn4c": [], "j1hot4": [], "flfigu": [], "gh31au": [], "a9kxqo": [], "7fi5tf": [], "g59234": [], "jdr2wp": [], "esofzr": [], "e1up23": ["1495332"], "fk58nl": [], "8tbnsg": ["3334006"], "cpync5": [], "a68wg0": [], "g7zxhn": [], "bkg66d": [], "88hid1": ["1798933", "48107001"], "7a0kgc": [], "ctm8q5": [], "6dhx6r": [], "fs612e": ["2745", "17259372"], "g1qc85": [], "disri7": [], "jww5oq": [], "8kggo6": [], "fc09hc": ["164415"], "cb0hf1": ["2069353", "43165469"], "cdir35": [], "9pmpps": ["2813846"], "fmffsl": [], "6godm7": [], "bfkwgt": [], "6a3pwb": ["1653437"], "b7os03": [], "bnf47y": [], "grmbfq": [], "hodxjf": [], "6bjbzd": [], "a5poat": [], "fxbsn1": [], "eljy1n": [], "b6ln2a": [], "90o9jc": [], "7jv2ek": ["2093616"], "73g7oo": [], "ca3bzh": ["14596868"], "7q2umo": [], "jiropy": [], "6qyueo": [], "d2zthw": [], "aht39u": [], "jrfgmh": [], "bh36qe": ["15774461"], "i515cg": ["1565367"], "9gzrl4": [], "gmm4b4": [], "b3884k": [], "cmhfbe": ["20454207"], "acbli0": [], "b0vhgr": [], "bbtxz6": [], "baovjp": [], "ctbnn6": [], "bcy0qs": [], "bgxrjw": [], "d7j3n1": [], "k43ubd": ["1542029", "683898"], "f2k1g3": [], "gmdypi": [], "fu1os6": ["5245880"], "g2nled": [], "7rd1k8": ["1137914"], "bdrkk8": [], "968oco": [], "ai1cc1": [], "fel4ke": ["9694808", "19115106"], "bqi1ew": [], "fuqc7n": ["2234885", "368590"], "6s1da1": [], "7tmtz4": [], "iborpy": [], "c8fmx2": [], "97wnt9": ["2137317"], "h8ha0v": [], "fuov6g": [], "appeo0": ["1945300"], "hqv3km": ["1384549"], "akv5pm": [], "b33pa8": [], "5sci58": ["736173"], "ci65df": [], "6141uj": ["1577688"], "geqctl": [], "iq1iha": [], "bpfhvr": [], "ijvovh": [], "7xnpap": [], "emqvmi": [], "fkggop": [], "de6pk1": ["1745881"], "fxjli5": [], "iopzhu": [], "9pxnqs": [], "84h8us": [], "hdb7h7": [], "f2bf6q": [], "jvn9lt": [], "a57xzv": ["451428"], "ex1nzd": ["16728152"], "bjcwjb": ["839241"], "fjvi8q": [], "jy15v7": [], "e1pd61": [], "7j0isr": ["1099519", "1099513"], "fforf8": ["2840524"], "e12j09": [], "6jxvd9": [], "elxozw": ["1056959"], "gye3q4": [], "i6siqv": [], "cqg9hw": ["1094776"], "ghtabu": ["1150594", "1959402"], "fgnw5b": [], "gvsu5r": ["244031"], "cyibgi": ["48249327"], "e53emd": [], "dywkxr": [], "iwlwu8": [], "kmagmr": [], "e6drpa": [], "5onnd3": ["6176910"], "g2wzhz": [], "c0tfuz": [], "crehxm": [], "dhwzdl": ["42797715"], "iq8jwi": ["1685799"], "f4g9q9": [], "dw1wr1": [], "fiu4r6": [], "b8xud8": [], "bk8zzp": [], "e3ie1v": ["1251441"], "dskvvk": [], "ds3oaa": [], "6lrxdn": [], "9hqh2t": ["2146123"], "ewy8u1": [], "fr4h27": [], "jsenbq": [], "cp7hbe": [], "a62pcb": [], "7tkkdo": ["42099293"], "6oecx5": [], "auacbd": [], "kd2a0n": ["3017563"], "7pixqk": ["1536771"], "ax2nbm": [], "h9q97m": [], "hwtro9": ["4633583", "476959"], "csmpin": [], "behag4": [], "hvrkp9": ["1118876"], "iazjjv": [], "c66xg5": ["120901"], "ebxrco": [], "7w74g0": [], "abru8v": [], "gd4jui": [], "kdupb4": [], "br0dw6": ["2956"], "a3wg6g": [], "exga9z": [], "drvwko": ["1724746"], "jo7oyz": [], "a4ji2x": [], "baclty": [], "bh1jp2": [], "ew87k1": [], "a5njf9": [], "f35xhu": [], "8ghv4m": [], "juyl00": [], "fk3hrz": [], "dhtpmh": [], "fgvf7c": [], "h8axc3": [], "c8hnfc": [], "eamv33": ["14568028"], "ebiaf3": [], "968t7w": [], "flxrtl": ["1313191"], "ahqto4": [], "iwnr30": [], "gg8fuz": [], "7rbc94": [], "ezeakq": [], "dqmf3f": [], "g6hc7z": [], "6sijti": ["52221"], "6qz5zb": ["206925"], "9zwgyb": [], "763bky": [], "a58d6z": [], "j7ewsm": [], "hpyj9z": ["26653661"], "7ml0kk": ["815349"], "7xvlzy": ["526468", "320578"], "937073": ["3204877"], "8b3gst": [], "dy91h4": [], "def05s": [], "5r2mow": [], "8bzbof": [], "awxfqc": [], "cqw6j3": [], "jtgzs1": [], "eo9m6j": [], "a61xwj": ["1163669", "1231931"], "fl37om": [], "c9pu9h": [], "jcnj3q": [], "jm3y1f": [], "hhwfjw": [], "fiqpmv": [], "ftbl4d": [], "jlw255": [], "9wtwsf": [], "e1o2gd": ["1390832"], "gjuxuo": ["737733"], "basqpy": [], "e242i3": [], "f5ydsm": [], "6k3v73": ["1036056"], "fcpjtw": [], "elz0np": ["275854"], "d2jrfi": [], "fn5liw": ["2788104"], "kjycoq": [], "afb7eh": ["593955"], "khj420": [], "a9wva0": [], "kekpka": [], "ayl2tl": [], "jua9u7": [], "j3mfwx": ["1888694", "2409802"], "7irl0c": [], "9lrei6": [], "ju9en7": [], "d14gy6": ["662217"], "9bqynp": [], "gww7lb": ["712182"], "gdg99q": [], "8ghhwt": [], "ai5rs9": [], "8a5j4w": [], "7al8w6": ["48620653"], "j73whi": [], "7d1epz": [], "gwko3d": [], "j1g6p3": [], "bg2bx2": [], "fsr7bj": [], "69ao8p": ["6803724"], "9pknm2": [], "ge2qcm": [], "f4v3wj": [], "9feefz": ["49419"], "fozz3n": [], "cah1ek": [], "khgigb": ["448117"], "5vj0kh": [], "au0fi4": ["52694767"], "e6mshw": [], "9lqnz0": ["612537", "3163766"], "i7wilm": [], "9kufh6": [], "awl5t7": [], "at6705": [], "9v59te": [], "fh49ua": ["256418"], "9narqn": ["1668739"], "g2fysi": [], "dkylek": [], "epwa6a": [], "fg9gd4": [], "6h21ue": ["881940"], "e7gwe1": [], "a2csc2": ["51368"], "8czlbc": ["6099953"], "b0fdcq": [], "bheoc0": [], "f1c77w": [], "fyd9nb": [], "epovs7": [], "bdkzvc": [], "ikv7kn": ["1307865"], "bkj5i5": ["184698"], "eofjo6": [], "8v5iiz": [], "84dsrk": ["95488"], "gy978v": ["955746"], "g4jovg": [], "e86pzj": [], "8ftu74": ["910927"], "foad83": [], "8byinp": [], "euzlo3": [], "giospk": [], "9b49f6": ["3327491"], "fnde6u": [], "ag607x": [], "apyw7k": [], "fxr5ct": [], "g4motz": [], "7oyj9m": [], "926fb6": ["68476"], "c2bzuf": [], "berd4g": [], "kdfdyk": [], "7p53ht": [], "ilz42n": [], "a8hoeq": [], "jrrmyr": [], "g1jp4f": [], "dwwzub": [], "80pejz": [], "djogcb": [], "aascx1": [], "9eqnry": [], "5usoa3": ["6469266"], "60w9le": ["452614"], "ah78pv": [], "af2ctl": ["426340"], "g6isbf": ["57834839"], "deakif": [], "6jala1": [], "ds6nvq": [], "fnby8m": [], "9hb233": [], "g6vg2p": ["5260866"], "84jxwf": [], "iwlsi5": [], "amnosq": [], "b36mz9": [], "dv0zbf": ["29356"], "hiyto1": [], "90w2lc": [], "fst27b": ["1974537"], "ki8ggj": [], "im0xgc": [], "e701km": [], "fvqt39": [], "ia8ptu": [], "60kcym": [], "i3a4ll": [], "6sd0u0": [], "ilzkvf": [], "hwysb7": [], "gs5g5h": ["24967486"], "gcntop": ["4380675"], "g93b4i": ["6291710"], "gg85h0": [], "f8jlxy": ["650724"], "fa5k28": [], "fqyk5r": [], "avxd8s": ["358076"], "djrfg1": [], "f12oxa": [], "acm6sn": [], "kfyzum": [], "k3g2yh": ["11379638"], "ihhy8q": [], "85i42y": [], "c6cnkn": [], "g1jtpt": ["2106576"], "b9kzg3": [], "9edo34": [], "cqclgf": ["21846288"], "a2ychz": [], "f0evow": ["2129546"], "icibyk": [], "9bi1sk": ["539653", "878737"], "jhyjyt": ["1244772"], "g3ohc5": ["2454359"], "bdua30": [], "bce61l": [], "jph78k": [], "9rkyu4": [], "eh3cjm": [], "79u8ov": [], "abumu9": [], "bva9h0": ["1945168"], "favrmw": ["25003015"], "bztang": [], "hwq80l": [], "fsw8ph": [], "7zl3k0": [], "a9vo9e": [], "da10u7": [], "cadu6j": [], "iajh4f": [], "i8ua0e": ["15964994", "24990909"], "an6xiv": [], "fipk1l": [], "eok68l": [], "bwow6n": ["1330198"], "cmuck5": [], "blx435": [], "9865px": [], "ip5eb7": [], "ca4438": [], "bu5gl6": [], "i2pego": [], "ergqqf": [], "iw0cis": ["58496867"], "fstycb": [], "ft144i": [], "dxf4xy": [], "k8nfju": [], "eq8wfc": [], "jkog2v": [], "ffuf8x": [], "d58grq": ["25207434"], "btrn24": [], "b0ez2k": [], "g452o0": [], "92p90f": ["1298198"], "d2tjly": [], "dsyxqh": [], "8x3vn6": ["7393089"], "eyxzno": [], "bac3uo": [], "h9oltn": [], "id18a7": [], "937s6l": [], "8mxy3t": [], "9h9x43": ["184875"], "eq8k6a": ["385620"], "cu1gem": [], "8yn0y7": ["2547187"], "eta80f": [], "f6ezb7": ["21856155"], "jh9zhr": [], "6fe2lf": [], "d9q42e": [], "f86o55": [], "dl0ei4": [], "hifhvr": ["639440"], "cjs8sp": [], "ah1oz0": [], "it867s": [], "h9w5p4": ["515677"], "8h3nun": [], "8kb1fl": ["1479280"], "az2msw": [], "jnhzvf": [], "7i4fk5": [], "6sbywg": [], "9ubr0y": ["143100"], "d7k6kb": [], "gdnusa": [], "bijp6w": [], "amxy23": [], "ge62v8": [], "gek8cd": [], "c2ia4v": [], "9q75u4": [], "gcvllm": [], "b940fr": [], "az04jr": [], "cvdryh": [], "6pcdi0": ["155371"], "g4lue6": [], "8awkui": [], "cj4cce": [], "jwt5dg": [], "cz87c8": [], "firshj": ["50463490"], "6eshhv": [], "dj0n0r": [], "aulfot": [], "czcyg9": ["1945245"], "djef73": [], "a36dml": [], "9uphh9": [], "ee2n6e": [], "ap0lhm": [], "fmhxpe": ["844069"], "g7ofiv": [], "k47zgi": ["292525"], "fwljgm": ["17170138", "43082957"], "ajfrms": [], "az0y5i": [], "ip93ng": [], "8tfvsh": ["2046542"], "cj1d7l": ["19034797"], "jtqawe": [], "cr9c7p": [], "g6it0x": [], "fqrva0": [], "8n130a": [], "jxeqdj": ["2031862"], "drslh5": [], "d3wgbm": [], "a91h39": [], "at1ktk": [], "fpp751": [], "bjpv43": [], "axrul2": [], "bvdd4g": ["15046910"], "fpl37m": [], "dkdqf8": [], "65ddvx": ["1417393"], "9a0sob": ["2120115"], "b78e3j": ["4615588"], "dwpmdt": [], "h7slmy": ["35441994"], "cro3i0": ["24577084"], "8uwgvn": [], "fplwo0": [], "icettl": ["3205875"], "boe1mv": [], "aj31xe": [], "ay3f4w": [], "a9r3mn": [], "g8v78h": [], "d2w9ii": [], "bhugi6": ["23859052"], "crvlyd": ["30211"], "8b0h9u": [], "h9hq6q": [], "blmdsn": [], "i2gk8e": [], "9uw32n": [], "6vwzeh": [], "7000hs": ["1454181"], "gancrh": [], "f8ffd9": [], "f5seak": [], "eowxjw": ["6584236"], "c5flth": [], "cug0j5": [], "eap54y": [], "8of7iz": ["1818887"], "i1gm2q": [], "doup53": [], "gcj6lj": [], "ewodx2": [], "i8qob4": [], "c6arbs": [], "dp8mns": [], "gd03at": [], "e3ws9f": [], "h7usf8": [], "e0n796": [], "fdnwwk": ["182151"], "k54btx": ["326213"], "bvpmya": [], "jguevl": [], "7miaqj": [], "f97fql": [], "efo71r": [], "g8fa9f": [], "dco1h3": [], "efykb4": [], "71zs41": [], "8dld7g": [], "jflos9": [], "bfiedr": ["2886933"], "8qp6di": [], "ccrvqf": [], "cqv7na": [], "br2n2r": ["405222"], "drwrng": [], "fjegvv": [], "elp0yu": [], "5utsrp": ["675562"], "ds4izn": [], "ahff1e": [], "7r2dbt": ["154090"], "fjemh9": [], "fc87gk": [], "g2u8aj": [], "8g3dco": ["4725731"], "cfsdoh": ["857441"], "cezy4z": [], "jq25rc": [], "idenx2": ["53474430"], "fn5wik": ["2915375"], "9nz5xf": [], "ayvkxq": [], "avwkyt": ["6331", "6329"], "f8ye8g": ["620559"], "eqjrvc": [], "jk1m1k": [], "ep49u2": [], "5zy6zb": ["17371834"], "aheybw": [], "8w1z8l": ["191532"], "j72xyz": ["6798711"], "8yetq3": [], "96v9yq": [], "bsc2fv": ["668083"], "kewknv": [], "b03y00": [], "bht4c1": ["25404490"], "becmrf": [], "alyn1s": [], "fve3ru": [], "a89301": [], "7l0lop": ["1088950", "9831"], "f05lu2": [], "b2r7mg": [], "j8w7yw": [], "cujxyo": ["1439387"], "idqdg4": [], "bzszrt": [], "dykokv": [], "h7fedk": [], "a26urn": ["1322146"], "8h6cvv": ["55282069", "17894351", "45609808"], "c01ddm": [], "9b4dk6": [], "bj7iut": [], "az2spp": [], "946cyn": [], "e6b9t0": [], "8z0dhb": [], "96kg7u": ["6807308"], "917z1f": [], "g8mni1": [], "bw24pd": ["23932930"], "fghups": [], "di9r2b": [], "b5ov4e": ["2566190", "2802135", "891434"], "741pm4": [], "flhbr8": [], "aoyq8b": [], "ikzgq6": [], "flwdp8": [], "dn5di1": [], "86ld31": [], "f0g269": ["18080908", "6364388"], "gfwwja": ["3144003"], "c4v87a": [], "bycnvt": [], "dl2ukh": [], "eeaqs7": [], "bydeyn": [], "ausdpu": [], "9pguf7": [], "j5m9m8": [], "bjlcnl": ["84392"], "7borne": ["170484", "1256816"], "8enjmm": [], "69a4n2": [], "850vv7": [], "d74hvt": [], "ik3ecg": [], "kn3v4a": [], "k311j6": ["24430", "600550"], "jmqv61": [], "jx41a6": [], "epsgg6": [], "8jmobv": [], "gndl6n": ["240082"], "jm4q22": [], "kl93ap": [], "azrrv4": [], "cgt82s": ["1382526"], "i9hkph": [], "95pw0x": [], "fslsq2": [], "g6p6mn": [], "d81jf2": ["42812703", "1686426"], "cv1k71": [], "hyckft": [], "8ekal1": ["15285765", "2154883"], "f66zi2": [], "adcypc": [], "gmtkbn": ["630112", "6539164"], "befc9f": [], "b9jdir": [], "dkcvae": ["6417030"], "bpglf4": [], "9nfa5z": [], "dqwd48": [], "bea54l": ["1032171"], "9bmnpl": ["489783", "2921077", "1363319"], "cnlj9i": [], "9g5xfk": ["6551250"], "5nkw4u": ["1341211"], "gjd2ur": [], "6o31l3": [], "8pece1": [], "gpjsbm": [], "fe1w1p": [], "km1gvt": [], "a7v9mc": [], "eoh45i": [], "bzyqet": [], "fn7xau": [], "ff3f7e": [], "ffi3qm": ["62234"], "jpgz9m": [], "jy0uky": [], "g7nxo9": [], "jo7a1k": [], "b0unrn": [], "e66yem": [], "9o88on": [], "7obltu": [], "imonxm": [], "bbryrh": [], "cfeu2j": [], "f654wc": [], "ehcljo": [], "98zest": [], "j9qzkf": [], "bpda7b": ["698959"], "ct0vci": [], "fall3l": [], "bm57wt": [], "bby7oe": ["1743336"], "a9dki3": [], "j0yg1j": ["1277957"], "96vfnq": [], "ass94n": [], "jw5hf0": [], "ghab6k": [], "b6xi2q": ["15185764", "27021106"], "dysar0": ["2095444"], "fc5xvz": [], "f13b1s": [], "k6khr6": [], "9nmdaz": [], "ap6poz": ["3066321"], "avob2n": [], "ahe0u8": [], "i0q093": [], "fy0tpn": [], "af0xph": [], "c08joc": [], "g34rz4": ["2920952"], "fpj3wb": [], "a1klum": [], "go4nzm": [], "fphd89": ["2682098"], "8vxet3": ["13207578", "3163766"], "fgfy6w": [], "j3ck2u": [], "ab0atc": [], "gjlq0v": [], "dw5ovz": [], "go6guu": [], "g7ybe1": [], "fc5wbc": ["48891399"], "7jvgva": [], "e7x45a": ["1051577"], "b0w9su": [], "7vbd3k": [], "ea9fyd": [], "ajkaru": [], "dhmt1l": [], "8kwbtk": [], "f6xugh": [], "aks3we": [], "6vqh7p": ["2167965", "235447"], "aqjaal": [], "gmzh6k": ["583987", "550870"], "fjqufr": [], "9615g4": ["8205"], "db7vz9": [], "jg7vc5": [], "b0ebs0": [], "f12stw": ["750423"], "7ff37d": [], "gl63nv": [], "fx218v": [], "8q27n7": [], "8p0g8b": [], "bshs7b": [], "kfft4f": [], "8tjkya": [], "cg0spw": [], "8he2n6": [], "diz18s": [], "d7jxbg": [], "ip5qc6": [], "cjgvmc": [], "ccgvbo": [], "cmb4l1": ["2225486"], "dxgcf9": [], "adooqk": [], "eya0r7": [], "apqjsb": [], "asz8w6": ["2353684"], "hnr912": [], "d6uv55": [], "jj2pz7": [], "k5s2e9": [], "dwtc4u": [], "edsehh": [], "hykc04": ["1679789"], "e0ldwr": [], "99t70n": [], "9puyac": ["1686613"], "jx83bi": ["1277443"], "jh4q5y": ["7061010"], "jqlrpq": [], "9nhu4t": [], "bt1izy": ["1994359", "139180"], "g6p9qu": [], "7661h0": ["1286026"], "fnmdpc": ["58031034"], "gmgv3r": [], "9nnmsn": [], "gg99vj": [], "e1z0e4": [], "iydh4o": [], "e5ughb": [], "779ctp": [], "9hm1zf": [], "d7llps": [], "fy5rt1": [], "k4bja0": [], "ajmoti": ["2315061"], "g2a8kn": ["668556"], "ibx8r6": ["322502"], "agun5z": [], "e7o9op": [], "614j7b": ["6537451"], "f7vxpk": [], "adfbl9": [], "fbscp6": [], "9m33o9": [], "jwduhj": [], "em9rdn": [], "isjvbe": [], "apnqpk": [], "htubfc": ["8887"], "fp2i72": [], "hq6k0o": [], "ge4idh": [], "a4mc55": [], "aip9ig": [], "a0cxvf": ["2657568"], "fe23nb": ["1148844"], "9ezou8": ["1517706"], "kb5om1": [], "5mezf7": [], "cgmvi4": [], "8oux2c": [], "ah7642": [], "dmcv9e": [], "dhvliv": ["6659160"], "clpcdz": ["2324108", "2275744"], "gj7s7n": [], "btu2js": [], "ibygd6": ["2330549"], "9kutn6": [], "9wws9w": ["619740"], "dsp5qm": [], "g45tj0": ["4902269"], "a71rgn": [], "f86b9n": ["3234179"], "bs6v4z": [], "bjj5ag": ["878368"], "b05jdv": [], "djj2l6": [], "60e7gc": ["352629"], "dg593m": [], "fwtuyt": [], "iwqf8c": [], "fh6ie3": [], "cl5ii7": [], "chc6ow": ["61513", "431600"], "fprrii": [], "elfamt": [], "dbucs1": [], "6fzecm": ["517810"], "8aao38": [], "8q2ank": [], "ic5psg": [], "f4rbxv": [], "dinmqc": [], "5ogm0c": ["596849"], "kmapri": [], "aa60nl": [], "9alq5y": [], "fxcb19": [], "bbqbzp": [], "dqufmq": [], "cfs75u": [], "ck41yh": [], "ddyk4z": [], "j7zx2o": [], "a7c3u8": ["10823062", "14291529"], "dkyykk": ["2911618"], "60e4dl": [], "jpca6o": [], "eqqkz0": [], "fsq47l": [], "c696pp": [], "c3a75d": [], "bq09wr": [], "k7oed9": ["7420037"], "k85anc": [], "jtgeno": [], "gmg3un": [], "af0yc9": [], "e7yhsx": ["174503"], "g3dctz": [], "9f15q3": [], "fmb6hi": [], "dgaelw": [], "9b6i2d": [], "k8vaz4": [], "8pgrsr": ["1475463"], "idtwd8": [], "fosqr7": [], "bzzen8": [], "fnxgpj": [], "c2j1qi": [], "d89j50": [], "d9cjwl": [], "g0p3k0": [], "9de6yd": [], "5vt6mv": ["1711886"], "dwjrsn": ["55622646", "26172581"], "f91iy2": [], "g2k58z": [], "bb285v": [], "8sb40j": [], "ixabcq": [], "dlk97h": [], "er9s5q": [], "hnwkpm": [], "8tej9t": [], "f9lvuf": ["360808"], "7btlil": [], "9y8drf": ["324686"], "i4h8uu": [], "5mo3f4": ["674547"], "gwm5ep": [], "hsph6h": [], "g1nvqz": [], "dpye1q": ["3754201"], "abocfc": ["292543"], "f2di7h": [], "aatmhy": ["3123164"], "g413ll": [], "ifabeh": ["948517"], "k13q25": [], "9v5b71": [], "f0lizh": [], "fqi3ow": [], "kfgfty": [], "i4u1rp": [], "dfa7a0": [], "dc4kdy": [], "jvava3": ["44826021"], "feap8z": [], "is7elf": [], "6i8swv": ["47519"], "9k1gar": [], "ethuv4": ["1832524"], "khv87k": [], "fmjy27": [], "az5uuy": [], "k89i47": [], "8hh0du": ["826638"], "6fn4b8": ["68476"], "b48r16": ["1486730"], "b0yjhl": [], "f7g81d": [], "edjt2o": ["299400"], "bytlr1": ["24034779"], "edea4z": [], "63lkp3": ["16091023"], "d7c9pm": [], "b3ud31": [], "f6aquh": ["6000109"], "dcpat8": ["1024629"], "8412gw": ["909090"], "ink60c": [], "jlbw83": [], "dcp8qj": [], "jnknd8": [], "a7tu44": [], "7k5fim": ["924711"], "fuph50": [], "hetzdx": [], "c3kc3i": [], "cv107i": [], "bxn3hm": [], "f3bcml": ["10722186"], "82yav6": ["1021002"], "8ao6wp": [], "9h4gob": ["3862155"], "brn6x1": [], "dkr2zf": [], "fbhd7x": [], "99qzui": [], "887pa1": [], "g182jg": ["1739874"], "aa93nu": [], "cmko04": [], "7750se": [], "hcfokv": ["56364190"], "go3qww": ["6695275"], "kj07b4": [], "7k4596": ["20654662"], "6zq7zn": [], "ctw5tn": [], "iz6qjz": ["1345993"], "ah30z8": [], "7xbx3b": ["26584831"], "cmddke": ["209370"], "g0932i": [], "9viazd": ["1497669"], "9uu97z": [], "bcf6lm": ["3234288"], "bjfxwc": [], "bidabf": ["15185764"], "7eswah": [], "cyrvby": [], "d3u2hx": [], "f95mg0": ["6600794"], "j1doae": [], "8gic8u": [], "9q4k3o": [], "fkykwo": [], "bs9ne3": [], "iswsv8": [], "aljg7k": [], "6k68gv": [], "any9vl": [], "bj7yx5": ["1782584"], "ffpcd6": [], "iwwjnv": ["14836611"], "8zu245": [], "9a430l": [], "eq3dl5": [], "f6o2pi": [], "j60ag6": [], "9ymlxm": [], "if3wri": ["618938", "3895437"], "crzbfx": ["175720"], "cc58ep": [], "eoie5l": [], "9kxgfb": [], "frkm4u": [], "hoftz9": [], "ayly13": ["954532"], "j8ejzv": [], "eocid2": [], "aqqkg9": [], "k748w8": [], "js0xp2": [], "cl1pll": [], "igty0b": ["19131145", "13763271"], "bytbyw": [], "7uknxy": ["1135249"], "kahehx": ["47463562"], "cddg3o": ["21521615"], "ezlaqp": [], "dgpfqi": [], "fxmcl8": [], "au8wqt": [], "e6lytd": [], "927jzl": [], "g2bjck": [], "817tof": [], "djr22q": [], "ed427x": ["1052207"], "gmqk34": [], "8aao54": ["1058827", "1657637"], "hijf2z": ["1934351"], "898m5i": [], "chs73n": [], "fk5o13": [], "6icagr": [], "dhep2a": [], "9enuzk": ["19056036"], "dilsxr": [], "jxtebc": [], "96vtby": [], "b1yyoq": [], "9zobv6": ["5857326"], "gpxhfu": [], "igtfxv": [], "98kf1f": [], "frsk55": ["2370060"], "jzcc6c": [], "8i1sq6": ["2558293"], "aozz79": [], "9mln1p": [], "9ow6y6": ["1782584"], "ccpy0p": [], "fnuc0v": ["42890"], "al8ofd": [], "av5qfv": ["1607236"], "ca6g1j": [], "jd9z8c": [], "ezzoyu": [], "fv2ujd": [], "cqdshv": [], "hdqmkc": ["588595"], "b8m4y0": [], "5rgoum": ["4490911"], "e3onb7": [], "jrrkxm": [], "jrrgi8": [], "6kwomu": [], "g46ks9": [], "hoo6ht": ["2349651"], "d2h446": ["52666090"], "9tju9a": [], "7kc3y4": [], "fm9dnw": [], "kkeiw5": ["17521259"], "gk4d1t": [], "78tbnp": [], "isw8yw": ["50630"], "jarqi3": ["429960"], "hfc9op": [], "aa3rtv": [], "e7o954": [], "i129hy": ["2621692"], "at85wr": ["3054243", "755854"], "ivkjti": [], "f11a7q": [], "e2vnos": ["24076919"], "errzl8": [], "jrb2jq": [], "6pirkj": [], "bk37nb": [], "8fiql5": ["3163771"], "9mvjf2": [], "dtopto": [], "6qy5c8": [], "gp432k": [], "frft6f": [], "6tq9fg": ["1797674"], "egzr05": ["1845343"], "6erfxm": [], "a19lmm": [], "96ex5k": ["6799636"], "bm939j": [], "eul2qo": [], "abkoq8": [], "bk93uo": [], "beeqxl": [], "k3jw5g": ["1041503"], "85z3uk": ["681440", "292525"], "a3v9ol": ["79634", "3034426"], "7ueoex": [], "esfrkn": ["266613"], "ff3ywk": [], "k069hs": [], "9hbiyw": [], "9yz69s": [], "hbj0n9": [], "6ymd2t": ["42162445"], "forz32": [], "73902w": ["950965"], "hhwct6": ["2919537", "2285229"], "hlcyvz": [], "jvmbuz": [], "fq2olz": [], "awbzot": [], "9vj126": [], "9am91u": [], "az560d": [], "fubkq0": [], "jwsv6o": [], "btosdz": ["23958871"], "jtu8wz": ["6330152"], "9kkfqu": ["262457"], "ivgguq": [], "fac5ol": ["759689"], "9vb00h": [], "g7tpx9": [], "dk6kr1": [], "a9cbv8": [], "60h6c2": [], "ao2mhi": ["13473833"], "g0b9l8": ["1106183"], "atckc2": [], "keug0d": [], "7q2xlf": ["4569896"], "bg2yft": ["971091", "157575"], "6yvfwn": [], "fllj21": [], "knk6qx": [], "f6xlrn": [], "6hnphv": [], "a5tzem": [], "hgavqj": ["1284577"], "f0o9ma": [], "ge3qop": [], "jthmts": [], "9d2r7w": ["783607", "783613"], "8x4j5i": [], "7wjdtt": [], "btw38t": [], "ea5iwy": [], "9k3fg3": [], "dy6cst": [], "atpqcx": [], "ce7zz4": [], "k96x6k": ["1513995"], "8lmw2l": [], "9gfz9x": [], "5qmadx": [], "6sau26": ["6054277"], "9txy4y": [], "bjzso1": ["2481693"], "jfkwtr": [], "cc3qaq": [], "hu027l": [], "e8oiu6": ["888455"], "bt38zc": ["3014657"], "9u00dw": [], "acqwez": [], "cycigs": ["845295"], "ahslk5": [], "h01fcy": ["19187769"], "g71ygl": [], "fz8tuy": [], "fcqwik": [], "cvz1mz": [], "8xwp2j": [], "8glqrf": [], "jxkhba": [], "ghawpb": ["16297209"], "bvo6zq": [], "864zo1": [], "9yokb9": [], "8bekn5": [], "kdcyar": ["24175975"], "9u1n4s": [], "hpwp59": [], "gaqefg": [], "j4usac": [], "7oyyev": ["170579"], "j4b0kp": [], "8sxbek": [], "a11rl7": ["1631490"], "6xar3p": [], "g9kohl": [], "fnbwl9": [], "7fqxjf": [], "6zo3im": [], "c6tv9j": [], "diwm3y": [], "b993wh": ["2067752"], "dkdhsb": [], "iwlukw": [], "iigjjl": ["112741", "1319531"], "gmh97a": ["3324245"], "bz6q7o": ["2745957"], "fptq55": [], "dgair3": [], "fxl8qy": [], "dwmj2u": ["49976686", "23581869"], "9e881p": ["1237170"], "8pt6er": [], "jkg2pk": [], "ga3or7": [], "e575zz": [], "9h2yoy": [], "av74pd": [], "8a44wb": [], "8qv0hc": ["290176", "215288"], "c5ukkq": [], "b336qu": ["1349085"], "i6wmw7": [], "c2rxfu": [], "js11nj": [], "g1tcxk": [], "g178ct": [], "gf432v": [], "fhyodz": [], "g27c0q": [], "ea9m1d": [], "a8g7ni": [], "94l853": [], "943pdv": [], "8vedw1": ["1247827"], "hct2pv": [], "7a9lym": [], "km8jri": [], "djgxef": ["2774916"], "gpdve7": [], "cgut8b": [], "i2i3dg": [], "at4ial": [], "flrnyc": [], "fb1ba5": [], "8am9fq": ["22380916"], "hg2knw": ["6759998"], "a9rzw0": [], "bk3902": [], "kaxbk1": [], "bgsgtm": [], "9k0lbc": ["1097824"], "ak266w": [], "kkausf": [], "cgjjsg": ["42742745"], "bv1zsb": [], "fbnuab": [], "eoojlx": ["21869436"], "659uts": ["3814858"], "bunrmb": ["808877", "97902"], "ef7wt7": [], "fst1kk": [], "brjc03": [], "660yvz": ["1806651", "1806646"], "8h4qvh": [], "6at5a5": [], "6u8hdt": [], "c34cdo": [], "jt4hqt": ["6600477"], "bt3d4u": [], "g1y9ox": ["3053134", "506645"], "cqo68d": ["21589523"], "a7reh1": [], "8cw0zl": [], "bwwj0h": [], "a6n3bv": [], "6wg177": [], "fah7ze": [], "5z62fn": ["6860540"], "fwelgm": [], "ishha8": ["1854869"], "9m28hr": [], "il19l9": ["2027225"], "a6mc4l": ["1069505"], "cbpyiq": [], "a8s5rb": ["1178743", "583987", "550870"], "abnhph": [], "hab67t": [], "75le78": ["2563510"], "blkkr9": [], "fvo19h": [], "fhli4u": [], "a0n3ez": [], "9b6fdh": ["42744297"], "a62x9p": [], "dyum64": ["54124501"], "hf859f": ["871864"], "7xtwfb": ["361223"], "aay591": ["1993854", "6573247"], "auliyk": [], "bj9lcn": ["1954480"], "k81pme": [], "bbohuy": [], "banfpw": [], "61fk36": ["117258"], "jnemmr": [], "chj3wj": [], "feqt4e": [], "cr94is": [], "5vp7so": ["2815"], "arywlp": [], "ijggy8": [], "a01c63": ["1109708"], "ee14ib": [], "dhkz9k": [], "8tk7wc": ["638292"], "hfa417": [], "ip7qes": ["163928"], "d6zek9": [], "g40xs2": [], "e1jcla": [], "drstgm": [], "5mj7vn": ["3634624"], "jwo0f1": ["58749711"], "at9zau": [], "gw95i2": [], "jryokz": [], "7ev6r1": [], "ee7gvn": ["910730"], "fgbiwt": [], "9eu8mw": [], "ceyp5s": [], "eaw7fs": [], "hxduqa": [], "g5ve2k": [], "dkef3v": [], "g14o6s": [], "9ef9dr": [], "95ydqp": ["213629", "974070", "3041897", "5508395"], "jg7r0k": [], "91zik4": [], "kegbea": [], "6tjzxk": [], "fwv7qw": [], "fm5o9t": [], "fy8te6": ["1052457"], "j31d8x": [], "ecnwo5": [], "gnamft": [], "eeihsd": ["653708"], "ds3feq": ["9846831", "2980827"], "k3jbfl": [], "e11q76": [], "dg51bh": ["1160283"], "cop4mu": [], "7f44yn": ["37834852"], "931wme": ["593955"], "fx8ebe": [], "kk68ah": [], "85bggr": ["12937459"], "7n206t": [], "bezmza": ["1575583"], "ik710x": [], "99ju4n": [], "fyqesd": [], "5xp5l6": ["24287", "3088928"], "ai2e5i": [], "77brco": [], "cmjisx": ["990033", "557460"], "8ikab7": [], "8kg19s": [], "g4jyy1": ["674547", "535113"], "kcb3lk": [], "8ep0gt": [], "bi31ub": ["2437161"], "bx580a": [], "g7rssp": ["969628"], "gdn4ss": [], "dgdvdo": [], "8q24fi": ["135197"], "96k0ly": ["8243130"], "cjleub": ["1083086"], "61jzbx": ["3021331"], "ij4h3y": ["154339"], "g4n6s2": [], "ds9d3h": [], "gnic95": [], "hh90d2": [], "ig2wn7": [], "9o04ug": ["269905"], "do1k2n": [], "9nqx2p": ["71863"], "f7uiqf": [], "d1sx5z": [], "6x4m51": [], "8ecusq": ["7021679"], "kddo8l": [], "bz6nrh": ["12492437", "80927", "22008332", "4733312"], "8tpii8": ["859974"], "ew5ex5": [], "ep4un1": ["177140"], "i1nf8x": [], "d5zbum": ["26325671", "18153426"], "ccr59c": [], "ifaa8o": ["12061762"], "ho8bb5": ["255725"], "98i64q": [], "9d0br0": [], "fcgevi": ["42705307"], "8h18q1": ["2222364"], "8czpub": [], "dl7y6p": ["1745881"], "apo9fl": [], "a9wi08": [], "ginpp1": ["1410445"], "irtpa7": [], "dgkgom": [], "6k64po": [], "fe5rmy": [], "gbx5x0": [], "iw7zgy": [], "fxi9rw": ["6174758"], "h960w7": [], "9dtlkg": [], "bmdm9r": [], "fcf77c": [], "jxdyg4": [], "9u15o0": [], "kiolql": [], "c3z9ej": [], "jjptvn": ["3020345"], "hjx6j0": [], "6vunb6": ["25652946"], "a756sf": [], "axazy4": ["15364182"], "fcj6o8": [], "dn6nkq": [], "jam3su": [], "kgmk4x": ["1246371"], "fxwu3q": ["44223587"], "ggwvv7": [], "6hkpz0": ["2930736", "10924638"], "axd3gb": ["997049"], "c383xp": [], "bglsjv": [], "d20ehy": [], "aoz6km": ["2158029"], "aisjg3": [], "750cca": [], "fw6dlg": [], "a09kfh": ["1108170"], "if1pic": [], "gf25o4": [], "ilmtha": [], "6tdptp": [], "k2v8ia": [], "exmvjg": [], "g683ox": [], "f6bsxd": [], "ffqy1y": [], "erwpoc": [], "d51ks0": [], "82eim3": ["388821"], "78amnz": [], "f8f453": [], "9lrlvj": [], "f6mnxn": [], "easl0l": [], "jwcsva": [], "gvv5kl": [], "dz8590": [], "9bxb2v": [], "jnntua": [], "kalfqi": ["3089415"], "k4z419": ["759555"], "hnvw23": [], "dpw781": [], "cplp9k": [], "aydnn4": [], "fdcer6": [], "dg0mcv": [], "c3q7gl": [], "bzzzkh": ["1399376"], "6vsbxn": [], "9iz27b": ["1195173"], "9u1qkg": [], "fb9pyy": [], "k4vmvi": ["25659610"], "65zuka": ["443862"], "9pg75s": [], "82869s": [], "jgz3xh": ["118521"], "dpgs2j": ["1213423"], "a62to9": [], "9lawll": [], "6ug3ol": [], "czu9cf": [], "jhfhc2": [], "b0547w": [], "ej0m3k": ["15093785"], "foq29v": [], "ixwbfk": [], "epltop": [], "au3hw1": ["158242"], "fn6o9x": ["261901", "15136802"], "dgpvcp": [], "jamdfu": [], "b485ox": ["24175975"], "g6mund": [], "9i68yf": [], "be2e74": [], "anyz8w": [], "esf4k6": [], "he7p8j": [], "baxabt": ["7168413"], "5nkmro": ["818"], "aoibtc": [], "f6m088": [], "8no06h": [], "doki14": [], "fatdgo": [], "bx06ay": ["2453747"], "jpyynv": ["718553"], "8bwkmc": ["2748013", "2279266"], "cqq6cx": [], "8qaw3n": [], "k89gyr": [], "ch9rgi": ["736173", "384097"], "b1nt9l": ["161123"], "ggx2ub": [], "6m748j": [], "kf4oxd": [], "7daseq": [], "gr1mld": [], "eaecwp": [], "etn6xd": [], "dtlxe4": ["1298920"], "e9o758": ["3232868"], "97xliv": [], "a76iwi": [], "96ayqb": ["552121", "2831204"], "ggqj9s": [], "jqnidx": ["324657"], "glm7d8": [], "crs9d6": ["1252994"], "dobvei": [], "e9e5m8": ["21068110"], "85wzpq": ["1293730"], "ivl350": ["1760131"], "fyhkro": [], "aubm5p": [], "e52ybz": [], "8c43qr": ["41826065"], "h9yssh": ["6626612", "56029205", "2602077"], "fv93kj": [], "ieefuw": ["292191"], "8bzzxt": [], "fes05j": [], "7gvepd": [], "fv1z0o": [], "64zy9q": [], "apm7q2": [], "7t6ziz": ["1065861"], "a2qoqg": ["6191272"], "giissm": [], "8wqcra": [], "ahss09": ["6329"], "ccg994": [], "aq11lt": [], "ex2uou": ["1711886"], "es8gw1": [], "g1m15v": [], "bhflam": [], "fiu897": [], "gq1ph8": ["518766"], "7q5s3c": [], "fagmcd": [], "b2a23b": [], "dt38gy": [], "go7rfi": [], "ifshw7": [], "ars7nf": [], "g4jj88": [], "bo6ojr": [], "ca2zrc": [], "cjtt8g": [], "fapk9b": [], "e0i19j": [], "aw5fan": ["584898"], "ctnise": [], "973zum": [], "6a4hii": ["496151"], "e458ls": [], "k2nn1c": [], "b1lbvn": ["826607", "456738"], "b3q6vu": ["899210"], "e01efm": ["19034284", "81168"], "gdpc59": [], "agylh8": ["207560"], "hdpurx": ["3877968", "1575331"], "c4gyvd": [], "g262qd": [], "fovw5a": [], "ghcp0i": [], "8g2fsw": ["84392"], "g3xgai": ["63008087"], "8wx09y": [], "e52o4s": [], "c9g7sv": [], "cmg47s": [], "j0cd4z": [], "czppvz": [], "9ulc09": ["19174239"], "izssy5": [], "cznnzt": [], "5ofytu": ["1782584"], "k1trbr": [], "def487": ["674547"], "9y3qik": [], "b70jde": ["1121880"], "f7zwbg": [], "i6bncz": [], "f1n9r9": ["352960", "1165126"], "d80jsi": [], "j4uo74": ["10874302"], "dd17xl": [], "cbyiwr": ["2458534"], "fs9a5w": ["25665"], "bszshh": [], "9k0b0h": ["977256"], "8veric": [], "ahubfu": ["433076"], "9r3agz": [], "7xe1xq": [], "efrfrm": [], "g93ahz": [], "6koalj": ["25472638", "19207061"], "i14pgj": ["1880971"], "ebplsq": [], "fin5oq": [], "fznrgq": [], "br699r": ["15072320"], "fv5kpc": [], "a0m2ls": [], "jdpbgz": [], "fj5rgl": [], "jzzrez": ["865519", "2740259"], "cyxkio": [], "ihgxrz": [], "a1i301": [], "ap9rve": ["2901064"], "i0e767": [], "a7uff0": [], "9wruot": [], "idje74": [], "gts92g": ["10759616"], "azifxs": [], "8wci7e": ["2563510"], "b0pykj": ["6559316"], "9mk1wf": [], "anlt0x": ["1185939"], "hcwc09": [], "7hf2bb": [], "bs6bo7": [], "8yk3ed": [], "b20vmh": [], "bkv4ct": [], "cdtc7i": [], "6q409i": ["84392"], "ka3yby": [], "c1gw1a": [], "fh1nax": [], "k08gbo": [], "945h1g": [], "93scpv": [], "gds21y": [], "8j1iez": ["13352766"], "b6z0xy": [], "hvj0nl": [], "6brkq2": [], "jn02f0": [], "jz217k": [], "kklokl": [], "i7ewe9": [], "glw7y0": [], "cxne75": [], "f2z1gb": [], "jlw8do": [], "7zq9jo": [], "fsqtvv": [], "ebzev1": [], "fg71j1": [], "evgrue": [], "jf6i1s": [], "g4o4xx": ["3266059"], "gozjye": [], "6q28oo": [], "hvf6al": ["1475463"], "dkomrc": [], "i8376y": [], "7z5opv": [], "cyk04i": ["852224"], "jzy8zd": [], "ddabsj": [], "a93ikz": ["162963"], "dtkdyk": [], "ek7m9m": [], "baha1x": [], "cklv1y": [], "ea54p6": ["2721510"], "jc6fmg": [], "80p1kj": [], "jmzbkv": [], "bqi39t": ["15286455"], "6bcvhd": ["1069505"], "83cpda": ["731782"], "dqsdji": [], "aa6z5c": [], "aq1r6i": ["8275110"], "9z3uo3": [], "amw1xs": [], "ai6hfv": [], "dqkn21": [], "ctdbrk": [], "bh885g": [], "9742ud": [], "brg5w3": [], "d58i71": [], "ie9g8a": [], "fpsn70": ["175649"], "7qni5d": [], "6dscqh": [], "9bomiy": [], "fu1sn4": [], "9195p3": [], "a6yjc8": [], "jxrvr4": [], "ikfab0": [], "6odgr5": [], "j4qyyv": ["6478271"], "7yt8b9": [], "91wkdr": [], "7ncogi": [], "cd8gt3": [], "fn6f1a": [], "bq99br": [], "eqpblo": [], "iioj03": ["2039654"], "7dwbel": ["295275"], "bcr0bs": ["161178"], "ckrbvl": [], "jfp0n4": ["552706"], "drqavn": [], "6k14dz": [], "7t0syu": [], "bivaz0": [], "7pzhwm": ["256419"], "dhjx88": [], "jvibgk": ["3300598"], "dbfiku": [], "6mc05g": [], "7nc2io": [], "b7itgq": [], "envjpg": ["215291"], "7oq95c": [], "izmnct": [], "dtppcq": [], "h08hpm": ["6755554"], "fv4grz": [], "b73kyk": [], "gpjz3n": [], "kk1q0q": ["13626110", "42746818", "21444710", "3352006"], "b4li5h": ["1361713", "2356884"], "hazk2z": ["59325200"], "ai73rp": [], "gpzp3k": ["2745"], "anya9y": [], "eb8uw5": ["1782584", "6700655"], "ebadjy": [], "brdwxm": ["223686"], "k0m7pq": [], "f0y8ev": [], "gikmll": [], "igg3zf": [], "f6c5ju": ["19149865"], "dy9br3": ["940602", "13496968"], "fnm3ct": ["55075018"], "iiw66s": [], "ac6vrt": [], "fnp4jj": ["452468"], "j1nzbw": [], "jqmwre": [], "c35uhb": ["6492551"], "fo1ai7": ["3066321"], "6n33tl": [], "d6jeds": [], "affpjv": [], "65tewh": ["2670213"], "ai42ht": [], "bzww7p": ["1226843"], "be3t94": [], "9h03x1": [], "8lkubz": ["155058"], "bah0m4": [], "jwugr0": ["1605093"], "k4rt3q": [], "ekklin": [], "7eqsdl": [], "i1o9vg": [], "iiaes5": [], "c3znkg": [], "dp0tyh": [], "97a4ts": [], "9zmze1": ["6530623"], "g0eeyg": [], "fpidcm": [], "6kcvxh": ["52612"], "g598n7": [], "bjker1": [], "emgkyy": [], "afq2qo": [], "9if1ec": [], "91nrii": [], "di9vv1": [], "e53qgc": [], "c8sfzn": ["3004915"], "jt05w2": [], "685vbl": [], "cdou9n": [], "8fw209": [], "af8p7r": ["2895388"], "jrypzx": [], "7foi8e": [], "h774o4": [], "ik6waa": [], "b67gdq": [], "cz4n63": [], "bcvg0n": [], "khzw2z": [], "cyz5x0": [], "g0eqca": [], "7vaeav": [], "a0ckt0": ["517810", "9949118", "3343909"], "ibh5jo": ["1499371"], "g1y363": [], "i7iane": ["38712"], "a0omyr": [], "6tdfcj": ["21910524"], "gs0mm5": [], "brtab2": [], "7n9yh0": ["2788104", "826638", "881499"], "czrxtw": ["7954841"], "cvrqkk": [], "9j7rzp": [], "c66x2i": ["164788"], "hxgv16": [], "bsnp7m": [], "abojju": [], "jk4i3r": [], "dwss10": [], "fp993m": [], "kb5fe3": [], "e4urk8": [], "b6qhu2": ["30573"], "5uue11": ["6130295"], "go1p8j": [], "9fp72c": [], "g9gvqp": ["15704136"], "8v9q5b": ["2677305"], "j8sr03": [], "a2s8da": ["3312237"], "enleuy": [], "ahfns0": ["3073220"], "bwy20q": [], "ixxyrc": [], "il52l7": [], "fp0h33": ["622864"], "eqqfh3": [], "ccm0v4": [], "9hruur": [], "g6gnlj": ["3948"], "dre6ac": ["2255339", "632828"], "fidltt": ["1577688"], "a99t76": [], "a9k8su": ["4923100"], "arkdbb": [], "92y8m1": [], "g7145i": [], "f0gd82": [], "bzp50t": [], "d8c8h9": [], "9v7kfw": [], "ahq581": [], "ij4hd8": [], "c3mrjt": [], "c5m2g2": [], "jqnlkj": [], "jm7tu2": [], "dd2x61": [], "g7ffkg": [], "iswjeg": [], "f0d0v0": ["15704136"], "8gwe3r": [], "fgiet5": ["1441544", "1726370"], "iy8pfj": [], "ao9zgl": [], "jiyy4z": [], "8pyqmm": [], "efqtgc": ["170657"], "gsklcn": [], "j77no7": [], "dmec2z": ["1642142"], "97gfxy": [], "c88p7v": [], "b9hjpw": ["6861257"], "9fi9w0": [], "e0rhrd": ["55393509", "25146823"], "6abtyw": [], "89o60g": ["3996055"], "apdwq9": [], "fh4liy": [], "gli3rn": [], "an3kkf": ["1504838"], "eap7s8": ["10537865"], "cdfwqu": [], "b14wwu": [], "bq0dsl": [], "hv2g2p": ["42955637"], "by0k3x": [], "czb5sd": [], "f92xyz": [], "ehpzd0": [], "99khnp": [], "ehj49e": ["88082"], "fkz4by": [], "boby9s": [], "g0dztt": [], "j2qp09": [], "bmvjbt": [], "7fs6cy": [], "k16908": [], "7exwo8": [], "8qvvkg": [], "8uafxk": [], "8qy55r": [], "hkmdng": ["488402"], "7ccxeg": [], "98ple5": [], "ambccg": [], "8lvmj7": ["3014657", "3087310"], "ajqcb8": [], "jld078": [], "dupem8": [], "gbskpo": [], "cdaino": ["3273617"], "7vc7kj": [], "d7nxgt": [], "f3nwyp": ["19034797"], "g7zokq": [], "87eode": ["2622092"], "i40fbm": [], "iqyuos": ["131190"], "icms16": [], "b41s85": [], "dhnt69": [], "a47x2e": [], "7rhzc8": ["1250309", "3346074"], "f7cice": ["3883208"], "ds27a4": [], "cz6875": ["1319396"], "fkb85y": [], "iagbdv": [], "834mbs": ["7399114", "18464379"], "atiw3v": ["19113823"], "ak7dr4": ["16091023"], "92t3ce": [], "94h740": ["21502367"], "av5rkm": [], "9a2s84": [], "hym4l7": [], "fnknyg": [], "922poo": [], "5m6btt": ["48632722"], "fori9k": [], "hr9nhh": [], "fbv8mv": [], "74qnop": [], "6fg048": [], "diklav": ["14749689"], "ivj4ae": ["110084"], "ckbqj1": [], "cm6tfz": [], "c53g1r": [], "9lucbc": [], "dwvzyq": ["7396663"], "78jyxu": [], "f5uunh": [], "f4s8aj": [], "d8flia": [], "fgz63e": [], "dz84ci": [], "dg1t58": [], "ikr6y3": ["1214027"], "foqisb": ["199116"], "eu72de": [], "f1edus": [], "fav18r": ["259783"], "edlb39": ["2986754"], "fblib1": ["736173"], "8awnxg": [], "jao2j5": ["190583"], "hm00tb": ["10457212", "24510865"], "bt5lyq": [], "684w6x": ["46614"], "8tf9td": ["532770"], "ful5xe": ["44737441"], "6a3mn3": [], "9xrl1l": [], "jhb03i": [], "fo5oqi": [], "az0rjc": [], "g1e0xv": [], "7kl67p": [], "8cqi3u": [], "jq3aox": ["1032171"], "kkqvme": [], "boalbi": [], "cbwkwc": [], "ddpbnh": [], "bk4d7x": [], "a29yzx": [], "ihhk74": [], "j2xepr": [], "b2aeul": ["767160"], "j2up5k": [], "abrxdh": ["1546522"], "b3ph0l": [], "96kdom": [], "bma5y5": [], "g5n0aj": ["13327756"], "8h73k1": [], "ahupj3": [], "aivo2r": ["1575680"], "6m7xwi": [], "f4rxrc": [], "k56uh7": [], "kavzv6": ["16403657"], "aap1hy": [], "c9i1vg": [], "eic5hn": [], "bn2149": [], "k9fh4n": [], "cx87s1": [], "b0o5zi": ["1384043"], "8ljqpa": ["3440397"], "g37a4f": [], "fww8xu": [], "c6now0": ["2520668"], "bxqrz9": [], "eu9r8x": [], "bjk6yf": [], "ctzifs": [], "a1k0dm": [], "by1lrp": [], "e72nps": ["456506"], "clwozc": [], "i59krx": [], "c83xl9": [], "bzfs9c": ["18328113"], "821sof": [], "bxo6su": [], "9ujrk3": [], "i1zuwg": ["244447"], "cr8sxv": [], "fcpd7y": ["3204877"], "9rm9zx": [], "g5rwcw": [], "7capno": [], "96keo2": ["1234144"], "b7sy9v": [], "g6o42f": [], "ehi73q": [], "cvvhc8": ["2838148"], "hta89s": ["198421"], "ar6zkb": [], "hfah0p": [], "iax0ma": ["409522"], "j4hz31": ["2363841"], "ebgdh2": [], "brybjl": [], "e90xfg": [], "f8qd1w": [], "if6hhu": [], "jrv39l": ["5242446"], "afb3kd": [], "faeo4x": [], "d6xacw": [], "co5sa2": [], "b9g6is": [], "dt5blr": [], "alzq2u": ["159741"], "af9ovz": ["1415823"], "i9plsx": [], "gecopy": [], "9pcpst": [], "fzv0k4": [], "f2vef7": ["1156116"], "k8881y": [], "cvuuz1": [], "8w543p": [], "bgcbx7": [], "g8478d": [], "g512b8": ["714384"], "cgfx07": ["20067086", "170605", "209181", "2139928"], "cu18sc": ["54372404"], "bihslq": [], "j8q61c": ["259783"], "5m554w": ["655608"], "c1qkix": ["26325675"], "fg5thn": [], "ijh23b": ["591783"], "ji2iy8": [], "blh7zb": [], "ilrksc": [], "g41558": [], "ily5hd": ["528268"], "a90w7v": [], "em48be": ["6273321", "150023"], "g9tpi0": [], "8oyj2n": ["95488"], "8nkn8c": [], "cp2m1h": [], "8jysfl": [], "biy0fr": [], "7vosqp": [], "exivj4": [], "dlmpux": ["1019987"], "8wwfo7": [], "fag4xl": [], "7c463r": ["3139566"], "fpmhk1": [], "gf57x8": [], "9izlfk": [], "ghrtd9": [], "8htlaw": ["13754899"], "gmh4l6": [], "brutmb": [], "cl9kj7": [], "d9u710": [], "dfd3cg": [], "fvyvpj": [], "8f560f": ["1461054", "21515502"], "av8mwa": ["1781451"], "6a2ys4": [], "g7557q": [], "i6cty4": [], "gl4tiz": [], "jdsgrv": ["4419576"], "g2u7jd": ["3959"], "esmckv": ["106271"], "g3jvl6": [], "bw96rj": ["65808421"], "icdovr": [], "dzo6gs": [], "it2jwv": [], "chrgt6": ["3312237"], "fbp6zz": [], "bttnf6": [], "e5lon4": [], "fgdncf": [], "f5fh5q": [], "ax0eex": [], "9ouq5e": [], "7g6x53": [], "i55yl3": ["620951", "620950"], "jgbrku": [], "bnhguo": [], "hxu72j": ["920052"], "kg2elq": [], "89w717": [], "774ul3": ["1382526"], "60ibba": ["386284"], "gloa7f": [], "652ivo": ["619293"], "j7n1k5": [], "81vqpv": [], "h91lsn": [], "cnuvj1": [], "drv3xn": [], "jewi8o": [], "izxvzj": ["1178112", "1177187"], "8ggjzc": ["1720641", "45580771", "10297814", "960534"], "fixfqk": ["24249050"], "k5q5iy": ["49443262"], "en9q05": ["3743509", "45517427"], "j0banl": [], "f4cazl": [], "kbgipw": ["229642"], "blo5x0": ["1360778"], "6hj37k": [], "cisnoz": ["1243729"], "dfgx1y": ["2429033", "1543490"], "7ts22p": ["1782584"], "80xsnx": [], "87pz64": [], "djwhsn": [], "bpaotv": [], "k5lb0v": ["29717"], "az9xrh": [], "dt347c": [], "a5nko7": [], "cbxrk5": [], "bqol7p": [], "f3p193": [], "g4qt1o": [], "dffzn7": ["1249562"], "bhib4x": [], "f0qt92": [], "fx8qby": [], "ejlz0t": ["589520"], "e3970g": [], "ckn9td": [], "e4slqa": [], "9i4uw1": [], "eljrqv": [], "af2wkw": [], "ka2m1h": ["40690118"], "benv3i": [], "c633zs": [], "jpmn1m": [], "giru3d": [], "ab3d3d": [], "g6ms8l": [], "eawp8t": [], "jg4vbs": [], "kfd126": [], "a9jxge": ["53182746"], "j3i2be": [], "atikw4": [], "diejaf": [], "b2cvnb": [], "7yvrzd": ["362729", "618938"], "ewu4j1": [], "adwi2u": ["2210482", "1460966"], "dbpi6m": [], "a4dqwx": [], "gtmpgm": ["8944726"], "djiak7": [], "fu0jlu": [], "8slz92": [], "epvs35": [], "5tr3u9": ["40211202"], "i3vsof": [], "c2c8n8": [], "687kuy": ["1617172"], "8cyfhb": [], "c9eljt": [], "8kkqky": [], "dvm76a": ["39017148"], "em2b1h": [], "e46939": ["14349842"], "da8wxw": [], "7lw19l": [], "a7j8gm": [], "en32fo": [], "dkvcsm": [], "ewiqwb": ["19098478"], "dkpxd5": [], "ao1bxr": [], "ehjnlg": [], "8sr4qj": [], "knevzb": ["44165520"], "faxjnz": ["737733"], "ijqkbl": [], "a96gjx": [], "egnshe": [], "81y665": ["7420946"], "9yydx5": [], "gemveq": [], "7gsnwq": [], "doc49c": [], "a1cxmb": [], "dy54kr": [], "fa02p7": [], "eb8xrj": [], "e6e9fv": [], "8fo20k": [], "dojvjr": [], "b7prww": ["613052"], "6rhx1f": [], "7ytslb": [], "9ynzls": [], "6fwta3": ["2239523"], "knwuwf": [], "95dqff": [], "7jawq9": ["1321805"], "chbxws": ["486980"], "6vwfca": [], "c3arvb": ["16310046"], "8gu0z7": ["84392", "1570074", "2495437", "2105924", "2527702"], "6u56iz": [], "8jwqc9": [], "ftyrkq": [], "kbjgav": [], "d29h3o": [], "alfa11": [], "g2657y": [], "if7tsm": [], "ev2xr6": [], "iy0k0t": ["3004262"], "ayz8t8": [], "am5z7d": [], "hmf7ld": [], "hvrcgh": [], "7zh9vm": [], "k10212": [], "djx3l2": [], "da5v4j": [], "fzswnh": ["21541833"], "ac0x4n": [], "8gghjj": [], "fafga2": [], "ip5p5e": ["6245652"], "bbh58l": [], "jy4lz7": [], "b4099b": [], "jwbbw8": [], "g8x4c0": [], "8hgnmi": [], "7m4qqy": [], "izw96b": ["1513995"], "8louwi": ["527659", "6584236"], "cdo7jm": [], "68ux89": [], "fl3mdy": [], "e5zr0u": [], "cgmoxm": [], "fawp7f": ["231754"], "jrz49f": [], "ebpnho": ["3092181"], "e0s1gz": ["1656307"], "gadxd6": ["41046113"], "5zr64h": ["1475463"], "cwg6jn": ["1344469"], "a2bbgi": ["1347107"], "fx3vxo": ["6911946", "1020595"], "f32voy": [], "gjdv2d": ["5403594"], "9rws5g": [], "ihd92l": ["30518"], "7vgnzz": [], "7lgfmq": [], "cobwqp": [], "b0lmu0": ["1409978"], "fqxik9": [], "7ple5i": ["159455"], "8pebwn": [], "990e0r": [], "cy858p": [], "bjd4sg": [], "afdhqo": [], "bzk4pr": ["2274153"], "fu1r4s": [], "aa0h2t": [], "emb60h": [], "d37tuu": [], "bnsk06": [], "dlzmqq": [], "fkdjdm": [], "g2r2p2": [], "h8qgun": ["250613"], "g5uxvk": ["3021881"], "8fmw9m": [], "c5j21w": [], "hlp89e": [], "a6lw79": [], "f4tosw": ["7005427", "1008616"], "9fxlgd": [], "7zgg6p": [], "9bxek1": [], "9y47ri": ["955290"], "gwosqo": [], "jbf3x7": [], "9khfvq": ["2107949", "1680902"], "acarn9": [], "btypy3": [], "ew8xja": [], "85n1r2": [], "f4wbwt": [], "ehvfp0": [], "5oeg8h": ["1760131"], "bsity0": [], "gxcgv2": ["96133"], "gn6s4c": [], "k5mv44": [], "ad9chs": [], "fuxn45": ["2935010", "9260440", "1882090"], "f0as9q": [], "fciq3t": [], "jrcngd": ["22245695"], "glrtre": [], "6tl9qu": [], "b7v6g5": [], "g8lgqs": [], "hftuan": [], "ghrt0f": [], "hn56fm": ["622119"], "gg6yur": [], "7wg79j": [], "exc6xg": ["120878"], "9yfvtm": [], "80788g": [], "ca7gso": ["748872", "13214399"], "dox9do": ["842559", "1908433"], "cdc1fr": [], "gniijm": ["1650913"], "9q1fo0": [], "7qzbmf": ["2148387"], "5xjas1": ["1376418"], "gapcsj": [], "j1g8qy": ["175720"], "gdt8ff": ["6629179"], "cdits0": [], "i13huu": [], "fggf42": [], "6tk7tw": [], "8qtm73": [], "ass57u": ["869522"], "jhizkb": [], "9b5ebc": [], "bdx20d": ["6647553"], "gveh61": ["1481934"], "ckrq3c": ["33979"], "9b5yeo": [], "8ymp1y": ["5920877"], "7i4bm0": ["2214036"], "bohvyv": [], "jxg39p": [], "hkwhib": [], "9fsddw": [], "il59zu": [], "dx74kl": ["18153426"], "kmj3j4": [], "f44wq6": ["24954779"], "a9vsoe": ["6451822"], "kdo3mb": [], "a8df75": [], "gnqeqv": [], "ap29tu": [], "azqrh1": [], "dktyu1": ["43472170"], "c64a5j": [], "k9jqga": [], "bod6a7": [], "702dwe": [], "bzhx5x": [], "fnkxoq": [], "k3qtln": [], "gno2be": [], "fvllvj": [], "bkrn71": [], "93a6w3": [], "bjyi97": ["24974"], "g7gdwg": ["40851901"], "bfwt81": ["13929"], "c2pnwx": ["25778595"], "blca8c": ["138907", "2016609"], "fit56j": [], "a5f31t": [], "7qopk6": [], "87kzfb": ["6668865", "881940"], "ch02ql": [], "clihyg": [], "d1jbl1": [], "fsmcxz": [], "8lmgh2": [], "i1nkxn": [], "dr7aqh": [], "eessdn": [], "8u1j5h": ["1231818", "1231819"], "kd3w3s": [], "ge34jb": [], "grdxto": ["53843160"], "b98fzr": [], "95nnhm": ["843796"], "cb19e1": [], "k34vdx": [], "c1gi41": [], "fobqzq": [], "d4pjc8": [], "ds89av": [], "fne227": [], "f91bll": [], "90qshj": ["737733"], "ijxst2": [], "aq39ug": ["854511"], "ep9fce": [], "6fip9c": [], "fqhfhn": ["1169063"], "k1jyhj": [], "ieaq0p": [], "e793vn": [], "fs83ud": [], "f93wop": [], "fkb9h8": [], "fnzaqe": [], "k198uz": [], "98mfit": [], "d1hsho": [], "gf2ye6": [], "aep9da": ["19258206"], "bdanqt": [], "kjhwi3": [], "jf4cjy": ["432404"], "fodj41": [], "diefjb": [], "fnddap": [], "8k8am7": [], "grty9l": [], "fzg4ew": [], "cu99xn": [], "844rpu": [], "haerbc": ["926984"], "btwdtq": ["1017054"], "faoafe": [], "b18vj7": [], "gha747": [], "cjjc4t": ["1231594"], "aaiov5": [], "8dllhn": ["2558293"], "9ldp0u": [], "65ka5w": ["47123"], "fn2bpi": [], "hfanmi": ["2670657"], "c13uu2": [], "ihmjcf": ["6623382"], "hb7r6d": ["6958017"], "cu9j19": [], "95pozg": [], "76wxko": [], "g8w49d": ["1021818"], "fc9wsg": [], "acanzm": [], "ge9yr6": [], "fw708c": ["330842", "18328113"], "91l2v4": [], "dibwsh": [], "f6vgyq": [], "akekpg": [], "i8b4cm": ["909062"], "deixqa": [], "g4pnso": ["2357215"], "a3gbsb": [], "6549w7": ["1272308"], "a88mk3": [], "f8pi3m": ["1995904", "74940"], "c4ahu8": [], "8z5jr8": [], "69eid2": [], "buky2r": [], "bedfdk": [], "eqw03x": [], "ganmht": [], "5ompkw": ["1782584"], "7rceo4": [], "7a6bej": ["7160149"], "fcryqw": ["209362"], "icihu7": [], "igzptt": [], "960d27": [], "hdmkuf": ["1384549"], "fp4qy0": [], "keviqy": [], "bqmw26": [], "bs7u6n": [], "b7aiiz": ["220738"], "ahburu": ["1191096"], "g3sfk8": [], "ee7cbd": [], "he6xph": [], "bxpu6e": [], "ge4p4y": [], "8yhqtl": [], "fgldp9": [], "fksrga": [], "dn0myr": [], "ahhh8f": [], "8c56z1": ["19203974"], "ati6ur": [], "abf3gx": [], "6yoq4g": [], "81xgd5": [], "7hs9ko": [], "7jwsph": [], "izhgvd": [], "dx7u0w": ["12130203"], "dh2o2o": [], "jwekqh": [], "bjb7ru": [], "iq8qe0": [], "fuepkd": [], "ea7t1l": [], "jnegs9": [], "6lu292": ["21366065", "335746"], "f3gm41": [], "abfamo": [], "8sxibs": [], "fu3w7i": [], "ckd4do": ["40456190"], "kaf6sp": [], "bcdk70": [], "88js0r": ["9782727"], "abqqnp": [], "7cer11": [], "g4e629": [], "9j8wci": [], "bo5ftn": [], "5r8dnn": ["1882405"], "c66nnh": [], "g5ricb": [], "8yroyf": [], "f6ekxg": [], "fbi27n": [], "5rs5s9": ["859474"], "fkw60l": [], "fqoa9s": [], "ies8mp": [], "g2qjlo": [], "5v89rb": ["2225503"], "fma71z": ["2102042"], "e825p6": [], "gtrtx7": [], "brhp79": [], "7qjlaf": [], "bfs277": [], "d7isex": ["986080", "15781826"], "fht4wh": [], "bltyxd": [], "cq35fl": [], "c8g9ax": ["103318"], "e6hn9z": [], "7oue6l": [], "gdffkj": ["2769926"], "j1veqs": ["13380425"], "gvipmp": [], "6wtcp0": [], "g6opng": [], "82mfdv": [], "bwdp03": [], "dv8k12": ["44590366", "53855714", "66378737"], "dxcypt": [], "859l7v": [], "jm3a2o": [], "bs2cv6": [], "d683x0": [], "hrui41": [], "juko7b": ["2196637"], "in5j69": [], "dedp6b": [], "d5oy5n": [], "hit5qo": ["2732479"], "a5ewx5": ["1475463"], "8wndiw": [], "edkl8i": [], "b04c70": [], "anys62": [], "9esdt9": [], "8ever9": [], "7q618m": ["7534979"], "evyroc": [], "81tk02": [], "c8wlpn": [], "bxitm4": [], "gcme72": [], "agzlh5": ["522872"], "7xl19q": ["2452726"], "fmquv6": [], "ea4wyy": [], "gqy5vh": [], "iisp9k": ["51265"], "ec08qj": [], "9n599e": ["2095997"], "ayvfwg": [], "fwkpcg": [], "dj4qme": [], "jkfd58": ["2611963"], "a83yio": [], "eirgn0": [], "akvoej": [], "g2fpqq": ["4687049"], "c4yhwa": [], "bwj3dg": [], "g8rbu5": [], "bxxn6m": [], "ias3vi": [], "bnj9gx": ["852093"], "e9knmc": [], "71ab44": [], "aarpzg": [], "fl0r5s": [], "gkeclf": [], "kg0egf": [], "dminnq": [], "k6ptvs": ["18713241"], "i8kipj": [], "k8xduq": ["38326"], "8y4aqc": [], "bb82vx": [], "kheeuc": [], "dtvge8": [], "7frah7": ["59104"], "k8tiu4": [], "7etps8": [], "6q39z5": [], "fe875r": ["22416746"], "ato5oa": ["25676"], "k7ouj8": [], "fiivv3": [], "ae0awk": [], "dg95rl": [], "id2nx8": ["17225055"], "fm2q32": [], "iigcmu": [], "av619g": [], "8jmqmi": [], "725q8e": [], "guquwr": [], "e5a1hm": [], "flzkz8": [], "jyqbgm": [], "6iibff": ["1568854"], "88f95v": ["1752460"], "9xzwq8": ["1546056"], "7nluwc": [], "e60979": ["62388204"], "fu48j5": [], "9eplkb": [], "7jyiv7": [], "bq2v9d": [], "cu2usj": ["86428"], "aie76v": [], "esw7az": ["40098252"], "apm1bf": ["2453747"], "ayxvcm": [], "dt84am": [], "jpd4c5": [], "834lqj": [], "ivtx6y": [], "cvtowp": ["1097824"], "iod3p6": [], "csmv5x": ["16037981"], "7oa28t": [], "7xp2te": [], "5tqun2": ["1141692"], "9tfsnn": ["1782584"], "dj8sjl": [], "d0kt06": ["14435417"], "ga0n57": [], "a9ii2z": [], "k3iufg": [], "adodei": [], "el016x": ["1294535"], "b0c19u": [], "7g6h9x": [], "jux87q": ["2795541"], "az2hes": [], "im9bax": [], "87nvnn": ["18904261"], "brbs6r": [], "inwonw": [], "87nrwp": ["3014657"], "fwycn3": ["4544426", "4544425"], "84vwrs": ["6905663", "15338406", "994357", "2095752"], "fy3qs3": [], "6nredk": ["1014579"], "h8jeo7": [], "ikp8v6": [], "g7sbps": [], "9mlhnr": [], "fn2gei": ["2948317", "1133100"], "e2bx9s": ["153485"], "fx9tvf": [], "7a41bw": ["114330"], "ffyiad": [], "km2mwn": [], "6u2eoz": ["3535"], "5w224j": ["1402005"], "86cg1v": [], "aj1jc4": [], "cfoxwk": [], "6i91gq": ["50329881"], "dwbexk": ["1407431"], "e5tk88": [], "9o73cz": [], "glemof": [], "h141xh": [], "c4bjmb": [], "fbj2sd": [], "7mlg6r": ["4900490"], "6k8gq9": [], "drpj8e": ["1121891"], "8qzk5g": ["523757"], "7s7qiy": ["39843450"], "f4pdcr": ["46051909"], "k88qhb": [], "b8ti4x": [], "77s9g7": [], "bbvyhe": [], "a9go3g": [], "cpszfy": ["65877137", "65256451"], "ctefhy": ["223736"], "jt4jkn": [], "7vlg22": [], "g4og4u": [], "a7us85": [], "fc3930": [], "kc66f4": ["1602045"], "g4msh6": [], "gvugy2": ["79786079"], "66qwfy": ["12856840"], "fjembn": [], "fblsxg": [], "cxpqiq": [], "6vhj02": ["1370621"], "a12q51": [], "kbbvmz": ["953243"], "8tbd5w": [], "k5g7vk": ["212304"], "cmvjnw": [], "cmdyey": [], "8b5b6n": ["6570805"], "k3az7u": [], "bhecyc": [], "9t0mg2": [], "knxfos": [], "afpbam": ["6549297"], "aw35ee": [], "glv9no": [], "ez72n8": [], "6m1bt6": [], "aemtf8": ["3032862", "2899519"], "cjbncf": ["19036626"], "956yys": [], "7ns8a5": [], "8j1eja": [], "f8isrh": [], "cbvzur": [], "bje8fq": [], "e9omsz": [], "bl33uf": ["579544", "3131318"], "imq1q8": [], "ij0q9o": ["692126"], "ay93uc": [], "d8wf2n": [], "dtfwe0": ["48832464"], "drkab3": ["31271"], "ice24v": [], "bu3jc0": [], "fext9d": [], "jyouom": [], "knia3y": [], "f8wmki": [], "8e6uah": [], "b757pt": [], "blevy2": [], "auhkrh": [], "bp2qca": [], "cqsphp": [], "aj6h7b": [], "8xhvz6": [], "i1ncfv": ["18384908"], "aghzpx": [], "ju78xs": [], "dn796m": [], "7djay2": [], "8w2au2": [], "9m59jv": [], "biwh4a": [], "8s9kpx": ["904527"], "7mjy43": [], "98oezy": ["943435", "3004262"], "e2aeog": [], "aju4vm": ["6628860"], "hq2i02": ["22370", "1345993"], "jugp4i": [], "bvs5oj": [], "jry7mu": [], "itz1j5": [], "czg0mp": [], "bm8id3": [], "g72452": [], "ciauf0": ["689394"], "7r5w4t": [], "ig0o8q": [], "ilk8g7": [], "a1ybut": [], "beey46": [], "b5ta70": [], "bxf6q1": [], "7tl5gb": ["3037397"], "aqfuj9": [], "erpg4h": [], "dew2ss": ["452583"], "d25pt0": [], "bkssu3": [], "5nes3x": ["3204877"], "75mvli": [], "brbl3b": [], "bwwtwl": [], "cyqdcz": [], "f8nmut": [], "8wpsx5": [], "hbtejb": [], "cod64p": ["240883"], "dkdg58": ["748381"], "bh2tua": [], "6a1b60": [], "9v4z1v": [], "9m9m1g": [], "9igy8e": [], "fzcvo3": [], "g0zhul": [], "dsykwp": [], "gdmdgz": []}